Last Name,First Name,Email,Grade
Adeyemi,Idris,IDRIS.A@ALTSHOOLAFRICA.COM,4
Muhammed,Basirat,BAHIRAT.M@ALTSHOOLAFRICA.COM,4
Yima,Tor,YIMA.Tor@ALTSHOOLAFRICA.COM,4
Ogunwomoju,Temitayo,TEMITAYO.O@ALTSHOOLAFRICA.COM,8
Doyin,Edu,EDU.D@ALTSHOOLAFRICA.COM,8
Abdullahi,Azeez,ABDULLAHI.A@ALTSHOOLAFRICA.COM,8
Oyewumi,Henry,HENRY.O@ALTSHOOLAFRICA.COM,8
